INSERT INTO mnemosyne.user(email, password) VALUES('asd@asd.it', crypt('password', gen_salt('bf', 8)));
INSERT INTO mnemosyne.user(email, password) VALUES('asd2@asd.it', crypt('password', gen_salt('bf', 8)));
INSERT INTO mnemosyne.user(email, password) VALUES('asd3@asd.it', crypt('password', gen_salt('bf', 8)));

INSERT INTO mnemosyne.parameter(pname) VALUES('location_house');
INSERT INTO mnemosyne.parameter(pname) VALUES('location_work');
INSERT INTO mnemosyne.parameter(pname) VALUES('location_item');
INSERT INTO mnemosyne.parameter(pname) VALUES('location_any');
INSERT INTO mnemosyne.parameter(pname) VALUES('location_previous');
INSERT INTO mnemosyne.parameter(pname) VALUES('time_lunch');
INSERT INTO mnemosyne.parameter(pname) VALUES('time_bed');
INSERT INTO mnemosyne.parameter(pname) VALUES('time_work');
INSERT INTO mnemosyne.parameter(pname) VALUES('time_dinner');
INSERT INTO mnemosyne.parameter(pname) VALUES('time_specified');

INSERT INTO mnemosyne.defines(email, parameter, type, location_cellID, from_time, to_time) VALUES ('asd@asd.it','time_lunch','time',-1,'12:00', '13:00');
INSERT INTO mnemosyne.defines(email, parameter, type, location_cellID, from_time, to_time) VALUES ('asd@asd.it','time_dinner','time',-1,'19:00', '20:00');
INSERT INTO mnemosyne.defines(email, parameter, type, location_cellID, from_time, to_time) VALUES ('asd@asd.it','time_bed','time',-1,'23:00','7:00');
INSERT INTO mnemosyne.defines(email, parameter, type, location_cellID, from_time, to_time) VALUES ('asd@asd.it','time_work','time',-1,'9:00','18:00');
INSERT INTO mnemosyne.defines(email, parameter, type, location, location_SSID, location_cellID, from_time, to_time) VALUES ('asd@asd.it','location_house','location', point(45.703280,11.356476),'telecom',123,NULL,NULL);
INSERT INTO mnemosyne.defines(email, parameter, type, location, location_SSID, location_cellID, from_time, to_time) VALUES ('asd@asd.it','location_previous','location', point(45.703280,11.356476),NULL,-1,NULL,NULL);
INSERT INTO mnemosyne.defines(email, parameter, type, location, location_SSID,location_cellID, from_time, to_time) VALUES ('asd@asd.it','location_work','location', point(45.722881, 11.434073),'telecom',124,NULL,NULL);

INSERT INTO mnemosyne.task (id, useremail, name, constr, possibleatwork, repeatable, donetoday, failed, placestosatisfy) VALUES (16, 'asd@asd.it', 'dare da mangiare al gatto', '\xaced000570', false, false, false, false, '\xaced0005737200116a6176612e7574696c2e48617368536574ba44859596b8b7340300007870770c000000103f400000000000017372001c61702e6d6e656d6f73796e652e7265736f75726365732e506c6163657a5655160445cab302000a49000b686f7573654e756d6265724c0007636c6f73696e677400194c6f72672f6a6f64612f74696d652f4c6f63616c54696d653b4c000b636f6f7264696e6174657374001e4c61702f6d6e656d6f73796e652f7265736f75726365732f506f696e743b4c0007636f756e7472797400124c6a6176612f6c616e672f537472696e673b4c00046e616d6571007e00054c00076f70656e696e6771007e00034c0009706c6163655479706571007e00054c0005737461746571007e00054c000673756275726271007e00054c0004746f776e71007e00057870ffffffff707372001c61702e6d6e656d6f73796e652e7265736f75726365732e506f696e74e2a0f8ff050bd7720200024400036c61744400036c6f6e78704046da0686c3a2e44026b687080e10077400064974616c6961707074000b7265736964656e7469616c74000356454e7400064d616772c3a8740005536368696f78');
INSERT INTO mnemosyne.task (id, useremail, name, constr, possibleatwork, repeatable, donetoday, failed, placestosatisfy) VALUES (17, 'asd@asd.it', 'prendere il latte entro le 17', '\xaced00057372002961702e6d6e656d6f73796e652e7265736f75726365732e5461736b54696d65436f6e73747261696e7484155fdc73288e480200024c000866726f6d54696d657400194c6f72672f6a6f64612f74696d652f4c6f63616c54696d653b4c0006746f54696d6571007e00017872002561702e6d6e656d6f73796e652e7265736f75726365732e5461736b436f6e73747261696e74263c35cc9355ceb80200024c0009706172616d4e616d6574001f4c61702f6d6e656d6f73796e652f656e756d732f506172616d734e616d653b4c00047479706574002b4c61702f6d6e656d6f73796e652f656e756d732f436f6e73747261696e7454656d706f72616c547970653b78707e72001d61702e6d6e656d6f73796e652e656e756d732e506172616d734e616d6500000000000000001200007872000e6a6176612e6c616e672e456e756d0000000000000000120000787074000e74696d655f7370656369666965647e72002961702e6d6e656d6f73796e652e656e756d732e436f6e73747261696e7454656d706f72616c5479706500000000000000001200007871007e00077400066265666f7265737200176f72672e6a6f64612e74696d652e4c6f63616c54696d65fffff44abbf29def0200024a000c694c6f63616c4d696c6c69734c000b694368726f6e6f6c6f677974001a4c6f72672f6a6f64612f74696d652f4368726f6e6f6c6f67793b78700000000003a5d680737200276f72672e6a6f64612e74696d652e6368726f6e6f2e49534f4368726f6e6f6c6f67792453747562a9c811667137502703000078707372001f6f72672e6a6f64612e74696d652e4461746554696d655a6f6e652453747562a62f019a7c321ae3030000787077050003555443787870', false, false, false, false, '\xaced0005737200116a6176612e7574696c2e48617368536574ba44859596b8b7340300007870770c000000403f400000000000207372001c61702e6d6e656d6f73796e652e7265736f75726365732e506c6163657a5655160445cab302000a49000b686f7573654e756d6265724c0007636c6f73696e677400194c6f72672f6a6f64612f74696d652f4c6f63616c54696d653b4c000b636f6f7264696e6174657374001e4c61702f6d6e656d6f73796e652f7265736f75726365732f506f696e743b4c0007636f756e7472797400124c6a6176612f6c616e672f537472696e673b4c00046e616d6571007e00054c00076f70656e696e6771007e00034c0009706c6163655479706571007e00054c0005737461746571007e00054c000673756275726271007e00054c0004746f776e71007e00057870ffffffff737200176f72672e6a6f64612e74696d652e4c6f63616c54696d65fffff44abbf29def0200024a000c694c6f63616c4d696c6c69734c000b694368726f6e6f6c6f677974001a4c6f72672f6a6f64612f74696d652f4368726f6e6f6c6f67793b787000000000042f2ac0737200276f72672e6a6f64612e74696d652e6368726f6e6f2e49534f4368726f6e6f6c6f67792453747562a9c811667137502703000078707372001f6f72672e6a6f64612e74696d652e4461746554696d655a6f6e652453747562a62f019a7c321ae303000078707705000355544378787372001c61702e6d6e656d6f73796e652e7265736f75726365732e506f696e74e2a0f8ff050bd7720200024400036c61744400036c6f6e78704046da6b5ac1ed764026bc4182814f207400064974616c696174000d53696d706c79204d61726b65747371007e00070000000001ee628071007e000b74000b73757065726d61726b657474000356454e74000a43c3a0205472656e7461740005536368696f7371007e00020000005571007e00097371007e000e4046db40b277b6f14026b4a7ae2f52d47400064974616c696174001353757065726d65726361746f2046616d696c6171007e001274000b73757065726d61726b657474000356454e7400064d616772c3a8740005536368696f7371007e00020000000d71007e00097371007e000e4046dbaa4fca42af4026b7caae0e9ba47400064974616c69617400094d61782053746f726571007e001274000b73757065726d61726b657474000356454e7400064d616772c3a8740005536368696f7371007e00020000001471007e00097371007e000e4046db3e27179bfe4026f9b72dc1986e7400064974616c69617400084575726f7370617271007e001274000b73757065726d61726b657474000356454e70740006546869656e657371007e0002ffffffff71007e00097371007e000e4046dbe7f2c3009b4026f0ae99dbdeb97400064974616c69617400084575726f7370696e71007e001274000b73757065726d61726b657474000356454e707400055a616ec3a87371007e0002ffffffff71007e00097371007e000e4046df6d62d9e9ec4026de15ebfa8f7e7400064974616c69617400084575726f5370696e71007e001274000b73757065726d61726b657474000356454e7074001150696f76656e6520526f636368657474657371007e00020000007c71007e00097371007e000e4046db308f7f64644026ecc39ecabb147400064974616c6961740008456d69736665726f71007e001274000b73757065726d61726b657474000356454e707400055a616ec3a87371007e0002ffffffff71007e00097371007e000e4046dad9e4e344084026fadb072233317400064974616c6961740006442d5069c3b971007e001274000b73757065726d61726b657474000356454e70740006546869656e657371007e0002ffffffff71007e00097371007e000e4046d9b68130ed084026faae0eb788e17400064974616c6961740005436f6e616471007e001274000b73757065726d61726b657474000356454e70740006546869656e657371007e0002ffffffff71007e00097371007e000e4046da82ab408b0b4026be2a095205587400064974616c69617400084575726f7370696e71007e001274000b73757065726d61726b657474000356454e74000a43c3a0205472656e7461740005536368696f7371007e0002ffffffff71007e00097371007e000e4046da3c990d82a04026b1ec694a46757400064974616c6961740005436f6e616471007e001274000b73757065726d61726b657474000356454e7400064d616772c3a8740005536368696f7371007e00020000001e71007e00097371007e000e4046d95fd47bedb74026e23ff17d44e07400064974616c69617400045072697871007e001274000b73757065726d61726b657474000356454e707400104d6172616e6f20566963656e74696e6f7371007e00020000000071007e00097371007e000e4046da636c4b82b54026bc3cefd993397400064974616c696174000653696d706c7971007e001274000b73757065726d61726b657474000356454e74000a43c3a0205472656e7461740005536368696f7371007e0002ffffffff71007e00097371007e000e4046db2a5da19bc74026ef0421cdb0227400064974616c696174000f53757065726d65726361746f204d4471007e001274000b73757065726d61726b657474000356454e70740006546869656e657371007e0002ffffffff71007e00097371007e000e4046dbc016dbe4984026a677f356a4527400064974616c69617400045052495871007e001274000b73757065726d61726b657474000356454e74000e506965766562656c766963696e6f74000e546f72726562656c766963696e6f7371007e00020000000a71007e00097371007e000e4046daa078458bfb4026f5a0bcc8a6867400064974616c696174000341264f71007e001274000b73757065726d61726b657474000356454e70740006546869656e657371007e0002ffffffff71007e00097371007e000e4046da861dbbd2aa4026be038194c0167400064974616c69617400084575726f5370696e71007e001274000b73757065726d61726b657474000356454e74000a43c3a0205472656e7461740005536368696f7371007e0002ffffffff71007e00097371007e000e4046d73c84eb8cab4026c062eb87a2f77400064974616c6961740010536973612053757065726d61726b657471007e001274000b73757065726d61726b657474000356454e7074001553616e205669746f206469204c6567757a7a616e6f7371007e0002ffffffff71007e00097371007e000e4046d8f6697e48db4026f628a0dd760c7400064974616c69617400094361727265666f757271007e001274000b73757065726d61726b657474000356454e70740006546869656e657371007e0002ffffffff71007e00097371007e000e4046db31890f07db4026eecd5b1b281e7400064974616c69617071007e001274000b73757065726d61726b657474000356454e70740006546869656e657371007e00020000008571007e00097371007e000e4046dcdb8c8330a24026bba1e745f4d77400064974616c696174001353757065726d65726361746f2046616d696c6171007e001274000b73757065726d61726b657474000356454e74000e436f6e7472c3a020436573757261740005536368696f7371007e00020000000271007e00097371007e000e4046d8695380b0954026ddbc91ec262e7400064974616c6961740004436f6f7071007e001274000b73757065726d61726b657474000356454e707400104d6172616e6f20566963656e74696e6f7371007e00020000004071007e00097371007e000e4046d97b302206bb4026dcbe977fe3e67400064974616c69617400044c49444c71007e001274000b73757065726d61726b657474000356454e707400104d6172616e6f20566963656e74696e6f7371007e00020000000371007e00097371007e000e4046d82646bba6344026f7fd679f4b8a7400064974616c696174000942696f7361706f726971007e001274000b73757065726d61726b657474000356454e70740006546869656e657371007e00020000002971007e00097371007e000e4046da7ae147ae144026bd194e859f117400064974616c69617400044c69646c71007e001274000b73757065726d61726b657474000356454e74000a43c3a0205472656e7461740005536368696f7371007e00020000002a71007e00097371007e000e4046daca9d47a4034026fbf66e86c6587400064974616c696174000c50726978205175616c69747971007e001274000b73757065726d61726b657474000356454e70740006546869656e657371007e0002ffffffff71007e00097371007e000e4046df455142e8b34026dec64e2d8a7d7400064974616c6961740005447069c3b971007e001274000b73757065726d61726b657474000356454e7074001150696f76656e6520526f636368657474657371007e00020000001e71007e00097371007e000e4046d95c04e3948f4026e2429aaf434f7400064974616c69617400045072697871007e001274000b73757065726d61726b657474000356454e707400104d6172616e6f20566963656e74696e6f7371007e0002ffffffff71007e00097371007e000e4046dbdaf4adbc664026cb0bab2eed537400064974616c696174000849706572636f6f7071007e001274000b73757065726d61726b657474000356454e74000a43c3a0205472656e7461740005536368696f7371007e00020000006071007e00097371007e000e4046dba55813bd4c4026b031dc1b1e697400064974616c6961740006442d5069c3b971007e001274000b73757065726d61726b657474000356454e7400064d616772c3a8740005536368696f7371007e0002ffffffff71007e00097371007e000e4046d7bed9c502d44026bfe3ba4f1bc77400064974616c6961740004436f6f7071007e001274000b73757065726d61726b657474000356454e7074001553616e205669746f206469204c6567757a7a616e6f7371007e00020000000d71007e00097371007e000e4046dc7d8ea118134026b90c9462f8f47400064974616c69617400045072697871007e001274000b73757065726d61726b657474000356454e7400064d616772c3a8740005536368696f78');

INSERT INTO mnemosyne.verb(word) VALUES ('prendere');
INSERT INTO mnemosyne.verb(word) VALUES ('comprare');
INSERT INTO mnemosyne.verb(word) VALUES ('pagare');
INSERT INTO mnemosyne.verb(word) VALUES ('prenotare');
INSERT INTO mnemosyne.verb(word) VALUES ('dare_mangiare');
INSERT INTO mnemosyne.verb(word) VALUES ('fare');
INSERT INTO mnemosyne.verb(word) VALUES ('mettere');
INSERT INTO mnemosyne.verb(word) VALUES ('null');
INSERT INTO mnemosyne.verb(word,normalized_action) VALUES ('arrivare', 'get');
INSERT INTO mnemosyne.verb(word,normalized_action) VALUES ('tornare', 'get');
INSERT INTO mnemosyne.verb(word,normalized_action) VALUES ('uscire', 'leave');
INSERT INTO mnemosyne.verb(word,normalized_action) VALUES ('andare', 'get');

INSERT INTO mnemosyne.item(name) VALUES ('pane');
INSERT INTO mnemosyne.item(name) VALUES ('medicine');
INSERT INTO mnemosyne.item(name) VALUES ('medicina');
INSERT INTO mnemosyne.item(name) VALUES ('dottore');
INSERT INTO mnemosyne.item(name) VALUES ('gatto');
INSERT INTO mnemosyne.item(name) VALUES ('gatti');
INSERT INTO mnemosyne.item(name) VALUES ('cane');
INSERT INTO mnemosyne.item(name) VALUES ('cani');
INSERT INTO mnemosyne.item(name) VALUES ('crema');
INSERT INTO mnemosyne.item(name) VALUES ('latte');
INSERT INTO mnemosyne.item(name) VALUES ('bollo');
INSERT INTO mnemosyne.item(name) VALUES ('lavatrice');

INSERT INTO mnemosyne.place_type(type) VALUES ('bakery');
INSERT INTO mnemosyne.place_type(type) VALUES ('supermarket');
INSERT INTO mnemosyne.place_type(type) VALUES ('pharmacy');
INSERT INTO mnemosyne.place_type(type) VALUES ('bar');
INSERT INTO mnemosyne.place_type(type) VALUES ('greengrocer');
INSERT INTO mnemosyne.place_type(type) VALUES ('fuel');
INSERT INTO mnemosyne.place_type(type) VALUES ('hardware');
INSERT INTO mnemosyne.place_type(type) VALUES ('post office');
INSERT INTO mnemosyne.place_type(type) VALUES ('post box');
INSERT INTO mnemosyne.place_type(type) VALUES ('pastry');
INSERT INTO mnemosyne.place_type(type) VALUES ('fast food');
INSERT INTO mnemosyne.place_type(type) VALUES ('clinic');
INSERT INTO mnemosyne.place_type(type) VALUES ('butcher');
INSERT INTO mnemosyne.place_type(type) VALUES ('dairy');
INSERT INTO mnemosyne.place_type(type) VALUES ('mall');
INSERT INTO mnemosyne.place_type(type) VALUES ('medical_supply');
INSERT INTO mnemosyne.place_type(type) VALUES ('electronics');

INSERT INTO mnemosyne.found_in(item,place_type) VALUES ('pane', 'bakery');
INSERT INTO mnemosyne.found_in(item,place_type) VALUES ('pane', 'supermarket');
INSERT INTO mnemosyne.found_in(item,place_type) VALUES ('medicina', 'pharmacy');
INSERT INTO mnemosyne.found_in(item,place_type) VALUES ('medicina', 'medical_supply');
INSERT INTO mnemosyne.found_in(item,place_type) VALUES ('medicina', 'mall');
INSERT INTO mnemosyne.found_in(item,place_type) VALUES ('medicina', 'supermarket');
INSERT INTO mnemosyne.found_in(item,place_type) VALUES ('latte', 'dairy');
INSERT INTO mnemosyne.found_in(item,place_type) VALUES ('latte', 'supermarket');
INSERT INTO mnemosyne.found_in(item,place_type) VALUES ('latte', 'mall');
INSERT INTO mnemosyne.found_in(item,place_type) VALUES ('crema', 'mall');
INSERT INTO mnemosyne.found_in(item,place_type) VALUES ('crema', 'supermarket');
INSERT INTO mnemosyne.found_in(item,place_type) VALUES ('crema', 'pharmacy');
INSERT INTO mnemosyne.found_in(item,place_type) VALUES ('bollo', 'post office');
INSERT INTO mnemosyne.found_in(item,place_type) VALUES ('lavatrice', 'mall');
INSERT INTO mnemosyne.found_in(item,place_type) VALUES ('lavatrice', 'electronics');

INSERT INTO mnemosyne.requires(verb,item,parameter) VALUES ('prendere','pane','location_item');
INSERT INTO mnemosyne.requires(verb,item,parameter) VALUES ('prendere','latte','location_item');
INSERT INTO mnemosyne.requires(verb,item,parameter) VALUES ('prendere','medicina','location_house');
INSERT INTO mnemosyne.requires(verb,item,parameter) VALUES ('prendere','medicine','location_house');
INSERT INTO mnemosyne.requires(verb,item,parameter) VALUES ('prendere','crema','location_item');
INSERT INTO mnemosyne.requires(verb,item,parameter) VALUES ('prendere','lavatrice','location_item');
INSERT INTO mnemosyne.requires(verb,item,parameter) VALUES ('comprare','pane','location_item');
INSERT INTO mnemosyne.requires(verb,item,parameter) VALUES ('comprare','latte','location_item');
INSERT INTO mnemosyne.requires(verb,item,parameter) VALUES ('comprare','medicina','location_item');
INSERT INTO mnemosyne.requires(verb,item,parameter) VALUES ('comprare','medicine','location_item');
INSERT INTO mnemosyne.requires(verb,item,parameter) VALUES ('comprare','crema','location_item');
INSERT INTO mnemosyne.requires(verb,item,parameter) VALUES ('comprare','lavatrice','location_item');
INSERT INTO mnemosyne.requires(verb,item,parameter) VALUES ('pagare','bollo','location_item');
INSERT INTO mnemosyne.requires(verb,item,parameter) VALUES ('prenotare','dottore','location_any');
INSERT INTO mnemosyne.requires(verb,item,parameter) VALUES ('dare_mangiare','gatto','location_house');
INSERT INTO mnemosyne.requires(verb,item,parameter) VALUES ('dare_mangiare','cane','location_house');
INSERT INTO mnemosyne.requires(verb,item,parameter) VALUES ('dare_mangiare','gatti','location_house');
INSERT INTO mnemosyne.requires(verb,item,parameter) VALUES ('dare_mangiare','cani','location_house');
INSERT INTO mnemosyne.requires(verb,item,parameter) VALUES ('fare','lavatrice','location_house');
INSERT INTO mnemosyne.requires(verb,item,parameter) VALUES ('mettere','crema','location_house');

INSERT INTO mnemosyne.constraint_marker(marker, timing) VALUES ('quando', 'at');
INSERT INTO mnemosyne.constraint_marker(marker, timing) VALUES ('entro', 'before');
INSERT INTO mnemosyne.constraint_marker(marker, timing) VALUES ('prima', 'before');
INSERT INTO mnemosyne.constraint_marker(marker, timing) VALUES ('dopo', 'after');
INSERT INTO mnemosyne.constraint_marker(marker, timing) VALUES ('per le', 'at');
INSERT INTO mnemosyne.constraint_marker(marker, timing) VALUES ('alle', 'at');
INSERT INTO mnemosyne.constraint_marker(marker, timing) VALUES ('a', 'at');

INSERT INTO mnemosyne.constraint_word(word) VALUES ('domani');
INSERT INTO mnemosyne.constraint_word(word) VALUES ('pranzo');
INSERT INTO mnemosyne.constraint_word(word) VALUES ('ceno');
INSERT INTO mnemosyne.constraint_word(word) VALUES ('cena');
INSERT INTO mnemosyne.constraint_word(word) VALUES ('mangio');
INSERT INTO mnemosyne.constraint_word(word) VALUES ('casa');
INSERT INTO mnemosyne.constraint_word(word) VALUES ('letto');
INSERT INTO mnemosyne.constraint_word(word) VALUES ('ANY');

INSERT INTO mnemosyne.wants(constraint_marker,verb,constraint_word,parameter) VALUES ('quando', 'arrivare', 'casa', 'location_house');
INSERT INTO mnemosyne.wants(constraint_marker,verb,constraint_word,parameter) VALUES ('quando', 'tornare', 'casa', 'location_house');
INSERT INTO mnemosyne.wants(constraint_marker,verb,constraint_word,parameter) VALUES ('prima', 'arrivare', 'casa', 'location_house');
INSERT INTO mnemosyne.wants(constraint_marker,verb,constraint_word,parameter) VALUES ('prima', 'tornare', 'casa', 'location_house');
INSERT INTO mnemosyne.wants(constraint_marker,verb,constraint_word,parameter) VALUES ('prima', 'null', 'cena', 'time_dinner');
INSERT INTO mnemosyne.wants(constraint_marker,verb,constraint_word,parameter) VALUES ('dopo', 'null', 'cena', 'time_dinner');
INSERT INTO mnemosyne.wants(constraint_marker,verb,constraint_word,parameter) VALUES ('a', 'null', 'cena', 'time_dinner');
INSERT INTO mnemosyne.wants(constraint_marker,verb,constraint_word,parameter) VALUES ('quando', 'null', 'ceno', 'time_dinner');
INSERT INTO mnemosyne.wants(constraint_marker,verb,constraint_word,parameter) VALUES ('prima', 'null', 'pranzo', 'time_lunch');
INSERT INTO mnemosyne.wants(constraint_marker,verb,constraint_word,parameter) VALUES ('dopo', 'null', 'pranzo', 'time_lunch');
INSERT INTO mnemosyne.wants(constraint_marker,verb,constraint_word,parameter) VALUES ('a', 'null', 'pranzo', 'time_lunch');
INSERT INTO mnemosyne.wants(constraint_marker,verb,constraint_word,parameter) VALUES ('quando', 'null', 'mangio', 'time_lunch');
INSERT INTO mnemosyne.wants(constraint_marker,verb,constraint_word,parameter) VALUES ('quando', 'andare', 'letto', 'time_bed');
INSERT INTO mnemosyne.wants(constraint_marker,verb,constraint_word,parameter) VALUES ('prima', 'andare', 'letto', 'time_bed');
INSERT INTO mnemosyne.wants(constraint_marker,verb,constraint_word,parameter) VALUES ('prima', 'null', 'domani', 'time_bed');
INSERT INTO mnemosyne.wants(constraint_marker,verb,constraint_word,parameter) VALUES ('entro', 'null', 'domani', 'time_bed');