INSERT INTO mnemosyne.user(email, password) VALUES('asd@asd.it', crypt('password', gen_salt('bf', 8)));
INSERT INTO mnemosyne.user(email, password) VALUES('asd2@asd.it', crypt('password', gen_salt('bf', 8)));
INSERT INTO mnemosyne.user(email, password) VALUES('asd3@asd.it', crypt('password', gen_salt('bf', 8)));

INSERT INTO mnemosyne.parameter(pname, type) VALUES('location_house', 'location');
INSERT INTO mnemosyne.parameter(pname, type) VALUES('location_work', 'location');
INSERT INTO mnemosyne.parameter(pname) VALUES('location_item');
INSERT INTO mnemosyne.parameter(pname) VALUES('location_any');
INSERT INTO mnemosyne.parameter(pname, type) VALUES('location_previous', 'location');
INSERT INTO mnemosyne.parameter(pname, type) VALUES('time_lunch', 'time');
INSERT INTO mnemosyne.parameter(pname, type) VALUES('time_bed', 'time');
INSERT INTO mnemosyne.parameter(pname, type) VALUES('time_work', 'time');
INSERT INTO mnemosyne.parameter(pname, type) VALUES('time_dinner', 'time');
INSERT INTO mnemosyne.parameter(pname, type) VALUES('time_specified', 'time');

INSERT INTO mnemosyne.defines(email, parameter, location_cellID, from_time, to_time) VALUES ('asd@asd.it','time_lunch',-1,'12:00', '13:00');
INSERT INTO mnemosyne.defines(email, parameter, location_cellID, from_time, to_time) VALUES ('asd@asd.it','time_dinner',-1,'19:00', '20:00');
INSERT INTO mnemosyne.defines(email, parameter, location_cellID, from_time, to_time) VALUES ('asd@asd.it','time_bed',-1,'23:00','7:00');
INSERT INTO mnemosyne.defines(email, parameter, location_cellID, from_time, to_time) VALUES ('asd@asd.it','time_work',-1,'9:00','18:00');
INSERT INTO mnemosyne.defines(email, parameter, location, location_SSID, location_cellID, from_time, to_time) VALUES ('asd@asd.it','location_house', point(45.703280,11.356476),'telecom',123,NULL,NULL);
INSERT INTO mnemosyne.defines(email, parameter, location, location_SSID, location_cellID, from_time, to_time) VALUES ('asd@asd.it','location_previous', point(45.703280,11.356476),NULL,-1,NULL,NULL);
INSERT INTO mnemosyne.defines(email, parameter, location, location_SSID,location_cellID, from_time, to_time) VALUES ('asd@asd.it','location_work', point(45.722881, 11.434073),'telecom',124,NULL,NULL);

INSERT INTO mnemosyne.verb(word) VALUES ('prendere');
INSERT INTO mnemosyne.verb(word) VALUES ('comprare');
INSERT INTO mnemosyne.verb(word) VALUES ('pagare');
INSERT INTO mnemosyne.verb(word) VALUES ('prenotare');
INSERT INTO mnemosyne.verb(word) VALUES ('dare_mangiare');
INSERT INTO mnemosyne.verb(word) VALUES ('fare');
INSERT INTO mnemosyne.verb(word) VALUES ('mettere');
INSERT INTO mnemosyne.verb(word) VALUES ('assumere');
INSERT INTO mnemosyne.verb(word) VALUES ('null');
INSERT INTO mnemosyne.verb(word,normalized_action) VALUES ('arrivare', 'get');
INSERT INTO mnemosyne.verb(word,normalized_action) VALUES ('tornare', 'get');
INSERT INTO mnemosyne.verb(word,normalized_action) VALUES ('uscire', 'leave');
INSERT INTO mnemosyne.verb(word,normalized_action) VALUES ('andare', 'get');

INSERT INTO mnemosyne.item(name) VALUES ('pane');
INSERT INTO mnemosyne.item(name) VALUES ('medicine');
INSERT INTO mnemosyne.item(name) VALUES ('medicina');
INSERT INTO mnemosyne.item(name) VALUES ('insulina');
INSERT INTO mnemosyne.item(name) VALUES ('vitamina');
INSERT INTO mnemosyne.item(name) VALUES ('vitamine');
INSERT INTO mnemosyne.item(name) VALUES ('dottore');
INSERT INTO mnemosyne.item(name) VALUES ('gatto');
INSERT INTO mnemosyne.item(name) VALUES ('gatti');
INSERT INTO mnemosyne.item(name) VALUES ('cane');
INSERT INTO mnemosyne.item(name) VALUES ('cani');
INSERT INTO mnemosyne.item(name) VALUES ('crema');
INSERT INTO mnemosyne.item(name) VALUES ('latte');
INSERT INTO mnemosyne.item(name) VALUES ('bollo');
INSERT INTO mnemosyne.item(name) VALUES ('lavatrice');

INSERT INTO mnemosyne.place_type(type) VALUES ('bakery');
INSERT INTO mnemosyne.place_type(type) VALUES ('supermarket');
INSERT INTO mnemosyne.place_type(type) VALUES ('pharmacy');
INSERT INTO mnemosyne.place_type(type) VALUES ('bar');
INSERT INTO mnemosyne.place_type(type) VALUES ('greengrocer');
INSERT INTO mnemosyne.place_type(type) VALUES ('fuel');
INSERT INTO mnemosyne.place_type(type) VALUES ('hardware');
INSERT INTO mnemosyne.place_type(type) VALUES ('post office');
INSERT INTO mnemosyne.place_type(type) VALUES ('post box');
INSERT INTO mnemosyne.place_type(type) VALUES ('pastry');
INSERT INTO mnemosyne.place_type(type) VALUES ('fast food');
INSERT INTO mnemosyne.place_type(type) VALUES ('clinic');
INSERT INTO mnemosyne.place_type(type) VALUES ('butcher');
INSERT INTO mnemosyne.place_type(type) VALUES ('dairy');
INSERT INTO mnemosyne.place_type(type) VALUES ('mall');
INSERT INTO mnemosyne.place_type(type) VALUES ('medical_supply');
INSERT INTO mnemosyne.place_type(type) VALUES ('electronics');

INSERT INTO mnemosyne.found_in(item,place_type) VALUES ('pane', 'bakery');
INSERT INTO mnemosyne.found_in(item,place_type) VALUES ('pane', 'supermarket');
INSERT INTO mnemosyne.found_in(item,place_type) VALUES ('medicina', 'pharmacy');
INSERT INTO mnemosyne.found_in(item,place_type) VALUES ('medicina', 'medical_supply');
INSERT INTO mnemosyne.found_in(item,place_type) VALUES ('medicina', 'mall');
INSERT INTO mnemosyne.found_in(item,place_type) VALUES ('medicina', 'supermarket');
INSERT INTO mnemosyne.found_in(item,place_type) VALUES ('medicine', 'pharmacy');
INSERT INTO mnemosyne.found_in(item,place_type) VALUES ('medicine', 'medical_supply');
INSERT INTO mnemosyne.found_in(item,place_type) VALUES ('medicine', 'mall');
INSERT INTO mnemosyne.found_in(item,place_type) VALUES ('medicine', 'supermarket');
INSERT INTO mnemosyne.found_in(item,place_type) VALUES ('insulina', 'medical_supply');
INSERT INTO mnemosyne.found_in(item,place_type) VALUES ('insulina', 'pharmacy');
INSERT INTO mnemosyne.found_in(item,place_type) VALUES ('vitamine', 'supermarket');
INSERT INTO mnemosyne.found_in(item,place_type) VALUES ('vitamine', 'medical_supply');
INSERT INTO mnemosyne.found_in(item,place_type) VALUES ('vitamine', 'pharmacy');
INSERT INTO mnemosyne.found_in(item,place_type) VALUES ('vitamina', 'supermarket');
INSERT INTO mnemosyne.found_in(item,place_type) VALUES ('vitamina', 'medical_supply');
INSERT INTO mnemosyne.found_in(item,place_type) VALUES ('vitamina', 'pharmacy');
INSERT INTO mnemosyne.found_in(item,place_type) VALUES ('latte', 'dairy');
INSERT INTO mnemosyne.found_in(item,place_type) VALUES ('latte', 'supermarket');
INSERT INTO mnemosyne.found_in(item,place_type) VALUES ('latte', 'mall');
INSERT INTO mnemosyne.found_in(item,place_type) VALUES ('crema', 'mall');
INSERT INTO mnemosyne.found_in(item,place_type) VALUES ('crema', 'supermarket');
INSERT INTO mnemosyne.found_in(item,place_type) VALUES ('crema', 'pharmacy');
INSERT INTO mnemosyne.found_in(item,place_type) VALUES ('bollo', 'post office');
INSERT INTO mnemosyne.found_in(item,place_type) VALUES ('lavatrice', 'mall');
INSERT INTO mnemosyne.found_in(item,place_type) VALUES ('lavatrice', 'electronics');

INSERT INTO mnemosyne.requires(verb,item,parameter) VALUES ('prendere','pane','location_item');
INSERT INTO mnemosyne.requires(verb,item,parameter) VALUES ('prendere','latte','location_item');
INSERT INTO mnemosyne.requires(verb,item,parameter, critical) VALUES ('prendere','medicina','location_any', true);
INSERT INTO mnemosyne.requires(verb,item,parameter, critical) VALUES ('assumere','medicina','location_any', true);
INSERT INTO mnemosyne.requires(verb,item,parameter, critical) VALUES ('prendere','medicine','location_any', true);
INSERT INTO mnemosyne.requires(verb,item,parameter, critical) VALUES ('assumere','medicine','location_any', true);
INSERT INTO mnemosyne.requires(verb,item,parameter, critical) VALUES ('prendere','insulina','location_any', true);
INSERT INTO mnemosyne.requires(verb,item,parameter, critical) VALUES ('assumere','insulina','location_any', true);
INSERT INTO mnemosyne.requires(verb,item,parameter) VALUES ('prendere','vitamine','location_any');
INSERT INTO mnemosyne.requires(verb,item,parameter) VALUES ('assumere','vitamine','location_any');
INSERT INTO mnemosyne.requires(verb,item,parameter) VALUES ('prendere','vitamina','location_any');
INSERT INTO mnemosyne.requires(verb,item,parameter) VALUES ('assumere','vitamina','location_any');
INSERT INTO mnemosyne.requires(verb,item,parameter) VALUES ('prendere','crema','location_item');
INSERT INTO mnemosyne.requires(verb,item,parameter) VALUES ('prendere','lavatrice','location_item');
INSERT INTO mnemosyne.requires(verb,item,parameter) VALUES ('comprare','pane','location_item');
INSERT INTO mnemosyne.requires(verb,item,parameter) VALUES ('comprare','latte','location_item');
INSERT INTO mnemosyne.requires(verb,item,parameter, critical) VALUES ('comprare','medicina','location_item', true);
INSERT INTO mnemosyne.requires(verb,item,parameter, critical) VALUES ('comprare','medicine','location_item', true);
INSERT INTO mnemosyne.requires(verb,item,parameter, critical) VALUES ('comprare','insulina','location_item', true);
INSERT INTO mnemosyne.requires(verb,item,parameter) VALUES ('comprare','crema','location_item');
INSERT INTO mnemosyne.requires(verb,item,parameter) VALUES ('comprare','lavatrice','location_item');
INSERT INTO mnemosyne.requires(verb,item,parameter) VALUES ('comprare','vitamine','location_item');
INSERT INTO mnemosyne.requires(verb,item,parameter) VALUES ('comprare','vitamina','location_item');
INSERT INTO mnemosyne.requires(verb,item,parameter) VALUES ('pagare','bollo','location_item');
INSERT INTO mnemosyne.requires(verb,item,parameter) VALUES ('prenotare','dottore','location_any');
INSERT INTO mnemosyne.requires(verb,item,parameter) VALUES ('dare_mangiare','gatto','location_any');
INSERT INTO mnemosyne.requires(verb,item,parameter) VALUES ('dare_mangiare','cane','location_any');
INSERT INTO mnemosyne.requires(verb,item,parameter) VALUES ('dare_mangiare','gatti','location_any');
INSERT INTO mnemosyne.requires(verb,item,parameter) VALUES ('dare_mangiare','cani','location_any');
INSERT INTO mnemosyne.requires(verb,item,parameter) VALUES ('fare','lavatrice','location_house');
INSERT INTO mnemosyne.requires(verb,item,parameter) VALUES ('mettere','crema','location_house');

INSERT INTO mnemosyne.constraint_marker(marker, timing) VALUES ('quando', 'at');
INSERT INTO mnemosyne.constraint_marker(marker, timing) VALUES ('entro', 'before');
INSERT INTO mnemosyne.constraint_marker(marker, timing) VALUES ('prima', 'before');
INSERT INTO mnemosyne.constraint_marker(marker, timing) VALUES ('dopo', 'after');
INSERT INTO mnemosyne.constraint_marker(marker, timing) VALUES ('per le', 'at');
INSERT INTO mnemosyne.constraint_marker(marker, timing) VALUES ('alle', 'at');
INSERT INTO mnemosyne.constraint_marker(marker, timing) VALUES ('a', 'at');

INSERT INTO mnemosyne.constraint_word(word) VALUES ('domani');
INSERT INTO mnemosyne.constraint_word(word) VALUES ('pranzo');
INSERT INTO mnemosyne.constraint_word(word) VALUES ('ceno');
INSERT INTO mnemosyne.constraint_word(word) VALUES ('cena');
INSERT INTO mnemosyne.constraint_word(word) VALUES ('mangio');
INSERT INTO mnemosyne.constraint_word(word) VALUES ('casa');
INSERT INTO mnemosyne.constraint_word(word) VALUES ('lavoro');
INSERT INTO mnemosyne.constraint_word(word) VALUES ('letto');
INSERT INTO mnemosyne.constraint_word(word) VALUES ('ANY');

INSERT INTO mnemosyne.wants(constraint_marker,verb,constraint_word,parameter) VALUES ('quando', 'arrivare', 'casa', 'location_house');
INSERT INTO mnemosyne.wants(constraint_marker,verb,constraint_word,parameter) VALUES ('quando', 'arrivare', 'lavoro', 'location_work');
INSERT INTO mnemosyne.wants(constraint_marker,verb,constraint_word,parameter) VALUES ('quando', 'tornare', 'casa', 'location_house');
INSERT INTO mnemosyne.wants(constraint_marker,verb,constraint_word,parameter) VALUES ('quando', 'tornare', 'lavoro', 'location_work');
INSERT INTO mnemosyne.wants(constraint_marker,verb,constraint_word,parameter) VALUES ('quando', 'uscire', 'lavoro', 'location_work');
INSERT INTO mnemosyne.wants(constraint_marker,verb,constraint_word,parameter) VALUES ('quando', 'uscire', 'casa', 'location_house');
INSERT INTO mnemosyne.wants(constraint_marker,verb,constraint_word,parameter) VALUES ('prima', 'arrivare', 'casa', 'location_house');
INSERT INTO mnemosyne.wants(constraint_marker,verb,constraint_word,parameter) VALUES ('prima', 'arrivare', 'lavoro', 'location_work');
INSERT INTO mnemosyne.wants(constraint_marker,verb,constraint_word,parameter) VALUES ('prima', 'tornare', 'casa', 'location_house');
INSERT INTO mnemosyne.wants(constraint_marker,verb,constraint_word,parameter) VALUES ('prima', 'tornare', 'lavoro', 'location_work');
INSERT INTO mnemosyne.wants(constraint_marker,verb,constraint_word,parameter) VALUES ('prima', 'null', 'cena', 'time_dinner');
INSERT INTO mnemosyne.wants(constraint_marker,verb,constraint_word,parameter) VALUES ('dopo', 'null', 'cena', 'time_dinner');
INSERT INTO mnemosyne.wants(constraint_marker,verb,constraint_word,parameter) VALUES ('a', 'null', 'cena', 'time_dinner');
INSERT INTO mnemosyne.wants(constraint_marker,verb,constraint_word,parameter) VALUES ('quando', 'null', 'ceno', 'time_dinner');
INSERT INTO mnemosyne.wants(constraint_marker,verb,constraint_word,parameter) VALUES ('prima', 'null', 'pranzo', 'time_lunch');
INSERT INTO mnemosyne.wants(constraint_marker,verb,constraint_word,parameter) VALUES ('dopo', 'null', 'pranzo', 'time_lunch');
INSERT INTO mnemosyne.wants(constraint_marker,verb,constraint_word,parameter) VALUES ('a', 'null', 'pranzo', 'time_lunch');
INSERT INTO mnemosyne.wants(constraint_marker,verb,constraint_word,parameter) VALUES ('quando', 'null', 'mangio', 'time_lunch');
INSERT INTO mnemosyne.wants(constraint_marker,verb,constraint_word,parameter) VALUES ('quando', 'andare', 'letto', 'time_bed');
INSERT INTO mnemosyne.wants(constraint_marker,verb,constraint_word,parameter) VALUES ('prima', 'andare', 'letto', 'time_bed');
INSERT INTO mnemosyne.wants(constraint_marker,verb,constraint_word,parameter) VALUES ('prima', 'null', 'domani', 'time_bed');
INSERT INTO mnemosyne.wants(constraint_marker,verb,constraint_word,parameter) VALUES ('entro', 'null', 'domani', 'time_bed');